input_type,n,algorithm,median_ms
random,1000,insertion_sort,26.296621
random,1000,merge_sort,1.403649
random,1000,heap_sort,1.823933
random,3000,insertion_sort,221.302263
random,3000,merge_sort,4.899721
random,3000,heap_sort,8.548619
random,5000,insertion_sort,629.553709
random,5000,merge_sort,16.038652
random,5000,heap_sort,15.934007
random,10000,insertion_sort,2644.004683
random,10000,merge_sort,27.298870
random,10000,heap_sort,30.294549
sorted,1000,insertion_sort,0.087714
sorted,1000,merge_sort,1.167698
sorted,1000,heap_sort,1.850372
sorted,3000,insertion_sort,0.281796
sorted,3000,merge_sort,5.902492
sorted,3000,heap_sort,7.517765
sorted,5000,insertion_sort,0.467642
sorted,5000,merge_sort,7.192880
sorted,5000,heap_sort,14.590097
sorted,10000,insertion_sort,1.423756
sorted,10000,merge_sort,22.677128
sorted,10000,heap_sort,36.001215
reversed,1000,insertion_sort,39.399778
reversed,1000,merge_sort,1.162548
reversed,1000,heap_sort,1.647764
reversed,3000,insertion_sort,391.016988
reversed,3000,merge_sort,4.514803
reversed,3000,heap_sort,6.087848
reversed,5000,insertion_sort,1157.029281
reversed,5000,merge_sort,7.247131
reversed,5000,heap_sort,11.039757
reversed,10000,insertion_sort,4828.233990
reversed,10000,merge_sort,17.300978
reversed,10000,heap_sort,25.696421
few_unique,1000,insertion_sort,16.213879
few_unique,1000,merge_sort,1.328629
few_unique,1000,heap_sort,1.788266
few_unique,3000,insertion_sort,175.263819
few_unique,3000,merge_sort,4.513331
few_unique,3000,heap_sort,6.907337
few_unique,5000,insertion_sort,513.294578
few_unique,5000,merge_sort,9.390770
few_unique,5000,heap_sort,10.354037
few_unique,10000,insertion_sort,2017.357624
few_unique,10000,merge_sort,19.135740
few_unique,10000,heap_sort,27.843586
